"Fifty Shades Darker",341174
Logan,263115
Rings,14564
Arrival,329865
"Kong: Skull Island",293167
"Miss Peregrine's Home for Peculiar Children",283366
Moonlight,376867
"La La Land",313369
"John Wick: Chapter 2",324552
"Hacksaw Ridge",324786
"Get Out",419430
Split,381288
"Beauty and the Beast",321612
"Underworld: Blood Wars",346672
Fences,393457
Trolls,136799
"Manchester by the Sea",334541
"Nocturnal Animals",340666
"Hidden Figures",381284
"xXx: Return of Xander Cage",47971
"The Lego Batman Movie",324849
Lion,334543
"The Great Wall",311324
Silence,68730
Jackie,376866
"T2 Trainspotting",180863
"A Cure for Wellness",340837
"Hell or High Water",338766
"Keeping Up with the Joneses",331313
"A Monster Calls",258230
Elle,337674
"The Edge of Seventeen",376660
Raw,393519
"Live by Night",259695
Kidnap,293768
"Ang Hindi Ko Masambit",445945
"Tulay Buhay",445943
"Aliens Ata",445947
"Ang Langit, Burger at ang Universe",445955
"American Honey",340485
"The Salesman",375315
"The Space Between Us",365942
"The Girl with All the Gifts",375366
"Land of Mine",335578
"Triple 9",146198
"The Running Man",865
"The Shack",345938
"Toni Erdmann",374475
"The Handmaiden",290098
"Questione di karma",445583
"Devil in the Dark",438734
Incarnate,241258
"The Whole Truth",331583
Collide,195590
"Patriots Day",388399
"Billy Lynn's Long Halftime Walk",293767
Loving,339419
"The Founder",310307
"The Ottoman Lieutenant",433356
"Green Room",313922
"The Founder",310307
"The Ottoman Lieutenant",433356
"Green Room",313922
"A Dog's Purpose",381289
"Max Steel",286567
Gold,334524
"Ouija: Origin of Evil",335796
"The Sense of an Ending",354285
Imperium,374617
Matachindé,446114
"All Nighter",352501
"It's Only the End of the World",338189
"Before I Fall",397837
"Badrinath Ki Dulhania",413646
Guardians,354556
"The Institute",416166
Skiptrace,270774
"In Dubious Battle",337844
"Fist Fight",345922
"Why Him?",356305
"Bollywood Superstar Monkey",303986
"Don't Knock Twice",420245
"A Man Called Ove",348678
"O Crime da Gávea",445604
Wolves,345909
"Beyond the Block",445788
"Bleed for This",332979
"Check Point",442094
Catfight,408272
"Евгений Гришковец: Шепот сердца",445897
"Trespass Against Us",256569
Kristo,445784
"The Time of Their Lives",442353
"West of Eden",445702
"The Red Turtle",337703
"Bhoy Intsik",445787
"Heroes Manufactured",445684
"The Bye Bye Man",292280
Ladyfish,445789
"Lucia, Before and After",444634
"My Life as a Zucchini",393559
"Tu Pug Imatuy",445792
"The Other Side of the Door",364116
Chakravarthy,440028
"Zona hostil",437031
Hango,445970
Kupkop,445972
"Krudo Boys",445969
"The Recycled Spirits of Roel Cabato",445973
"The Birth of a Nation",339408
"Tomorrow Everything Starts",382591
"Ley primera",445815
"The Meddler",337154
"Personal Shopper",340676
"Monster Trucks",262841
"The Lost City of Z",314095
Marija,408197
"Pagrara Sang Patipuron",445971
Ballerina,342473
"Met Opera Live: La Traviata",444444
"Miss Sloane",376290
Slavemen,443780
"Friend Request",368031
Paterson,370755
"20th Century Women",342737
"Wrath (Ira)",418662
"Wien vor der Nacht",444793
"32 Pills: My Sister's Suicide",444531
Denial,402298
"Il padre d'Italia",445203
"The Autopsy of Jane Doe",397243
"National Theatre Live: Hedda Gabler",444439
Gomorroide,445948
"Don't Hang Up",375355
"Life Saaraba Illegal",444791
"Letters to Amina",446029
"The Confession",426825
"Unter aller Augen",444795
Frantz,377263
"Baby Phone",348964
"The Odyssey",332794
"Blood Money",441665
"David Stratton: A Cinematic Life",441863
"Deli Aşk",445944
"Table 19",353569
"Let's Go, Jets!",434236
"Love, Sweat and Tears",434685
"Kensho at the Bedfellow",444688
"Era Of Dance",440787
"Zensur: Die organisierte Manipulation der Wikipedia und anderer Medien",445659
Masaryk,432560
"Zwischen den Jahren",404806
Daguerrotype,374466
"The Book of Gabrielle",444610
"American Violence",435473
"Lost in Paris",413778
"The Artist: Reborn",439935
"Monsieur & Madame Adelman",431937
Селфи#Selfie,432136
"De plus belle",430005
Brimstone,324560
"Cross Wars",412452
"Little Men",373473
XX,297160
Custody,390401
"My Room Mate from Hell",442156
Colossal,339967
"Certain Women",340487
"Pwera Usog",445778
"Little Murder",79123
"Canada's Lost Girls",445577
"Hiroshima Mon Amour",5544
"Don't Kill It",405882
"The Monster",340103
Equity,347033
"Rock Dog",333667
Sleepless,324542
"The Hollars",325346
"Absolutely Fabulous: The Movie",372411
"Burn Your Maps",352504
"Hurricane Polymar",440243
"Sword Art Online the Movie - Ordinal Scale -",413594
Alibi.com,398929
"One Ticket Please",423106
Indignation,340611
"Omicidio all'italiana",439998
"The Beatles: Eight Days a Week - The Touring Years",391698
"The Perfect Nonsense",415150
"L'Embarras du choix",437425
"Shepherds and Butchers",382883
"Love on the Roof",433316
"Rock'n Roll",382589
"The Place Promised in Our Early Days",12924
"The Eyes of My Mother",371560
Reis,421682
"A United Kingdom",347026
Patients,434616
"Refugee's Welcome",446030
"Shin Godzilla",315011
Eloise,331392
"Stories Our Cinema Did (Not) Tell",445402
Ozzy,411221
Rangoon,392271
"The Last Face",287904
"600 Miles",321666
"Smoke & Mirrors",361777
"The Language of Silence",445469
"He's a Dragon",370964
Bluebeard,435809
"Lucid Dream",436994
"The Young Karl Marx",400020
"Mein Blind Date mit dem Leben",379019
"Commando 2: The Black Money Trail",444713
"Slack Bay",371865
"Landmine Goes Click",329556
"The Unknown Girl",340481
"Four Days in France",408422
"The Student and Mister Henri",360638
"American Fable",381064
"The Girl King",329829
"Running Wild",430406
"Chacun sa vie",437399
"Earth Without War",435375
Lavender,340584
"Kung Fu Yoga",383785
"The Warrior's Gate",413658
"Smaïn, Cité Picasso",444845
Stateside,439524
"Queen of Katwe",317557
Radin!,382511
"My Ex & Whys",441834
"Haruchika: Haruta & Chika",438553
"Malibu Road",413453
"The Invisible Guardian",392207
Chocolat,369778
Raees,363343
"Blue World Order",384545
"Sweet Dreams",394260
"Jeena Isi Ka Naam Hai",444940
"From the Land of the Moon",376166
"I Am Not Your Negro",411019
"Digimon Adventure Tri. - Chapter 4: Loss",422347
"Oru Mexican Aparatha",440858
"Punching Henry",321757
"The Distinguished Citizen",408537
"Neo Rauch - Gefährten und Begleiter",425481
"Yu-Gi-Oh!: The Dark Side of Dimensions",366170
Neruda,351454
"Beata ignoranza",419522
"Help, I Shrunk My Teacher",365961
"Fair Haven",397992
"El jardín del artista: Impresionismo Americano",444780
"Confidential Assignment",434119
"Tim Timmerman: Hope of America",422553
"The Last Word",396810
"This Is Our Land",430172
"From Nowhere",381033
"I Can Quit Whenever I Want",250219
"Jolly LLB 2",412090
"Berlin Falling",429886
"The Distinguished Citizen",408537
"Neo Rauch - Gefährten und Begleiter",425481
"Dance to Death",428356
Jawbone,436932
"Yu-Gi-Oh!: The Dark Side of Dimensions",366170
Neruda,351454
"Beata ignoranza",419522
"Help, I Shrunk My Teacher",365961
"Fair Haven",397992
"El jardín del artista: Impresionismo Americano",444780
"Confidential Assignment",434119
"Tim Timmerman: Hope of America",422553
"The Last Word",396810
"This Is Our Land",430172
"From Nowhere",381033
"I Can Quit Whenever I Want",250219
"Jolly LLB 2",412090
"Berlin Falling",429886
"Jasper Jones",414027
"Disney's Newsies: The Broadway Musical",437334
"Le Grand partage",366566
"At the End of the Tunnel",394374
1:54,415665
"Beyond Dreams",438301
"Don't Take Me Home",444315
"One Night",416691
Tramontane,393522
"Snowy Road",439928
"White Lily",439466
"El fascinante mundo de El Bosco",444777
"Istanbul Kirmizisi",443486
"The Man",377691
Інфоголік,441742
"Love Sonia",444000
Lovesong,371447
"On Body and Soul",436343
"Incerta glòria",436828
"Vigilante Diaries",403232
"Sisters! Share everything",436332
"Bitter Harvest",403390
Yaman,383703
"Angamaly Diaries",442000
"Kiki, Love to Love",370978
"Tuintje in mijn hart",436882
Únos,444995
"Saigon Bodyguards",444330
VooDoo,442824
"Classmates #NewTurn",431260
"Tatlong Bibe",444458
Untitled,434505
Disappearance,439758
Silariang,438312
Brotherhood,402334
Sahara,423453
PolandJa,432793
"Superman II: The Richard Donner Cut",429486
"Europa - Ein Kontinent als Beute",439987
Daydreams,406848
"Recep Ivedik 5",438703
"Resident Evil: The Final Chapter",173897
Infoholic,444998
"Personal Affairs",392796
"I am Jane Doe",430448
"Kuttram 23",402780
"The Replacement",443388
Bloodlands,406111
"I'm Doing Fine in Middle School",443587
"Cage Dive",420707
"Paris Can Wait",375867
"Journey to the West: The Demons Strike Back",435800
"Tom of Finland",405204
"The Small Woman in Grey",441741
"Space Battleship Yamato 2202: Warriors of Love",432133
"De SAS en SAS",441568
"A Wedding",413837
Enclave,333846
"Bornless Ones",421601
"Stray Bullets",351217
"Келинка тоже человек",443030
"Young Sex For Sale In Japan",443935
"I am Jane Doe",430448
"Kuttram 23",402780
"The Replacement",443388
Bloodlands,406111
"I'm Doing Fine in Middle School",443587
"Cage Dive",420707
"Paris Can Wait",375867
"Journey to the West: The Demons Strike Back",435800
"Tom of Finland",405204
"The Small Woman in Grey",441741
"Space Battleship Yamato 2202: Warriors of Love",432133
"De SAS en SAS",441568
"A Wedding",413837
Enclave,333846
"Bornless Ones",421601
"Stray Bullets",351217
"Келинка тоже человек",443030
"Young Sex For Sale In Japan",443935
"The Country Doctor",375950
"Call of the Wolf",438859
"Wolves at the Door",363111
Fatima,336807
Three,373922
Wheeler,430165
Brujerías,417496
"A Single Rider",435603
"Getting Schooled",439032
"The Happiest Day in the Life of Olli Mäki",392807
Tanna,359151
Vamps,430988
"Night Kaleidoscope",444609
"Hitlers Hollywood",439988
"Worlds Apart",350845
"Mamma o papà?",440708
Anubis,57206
"Gemini Ganeshanum Suruli Raajanum",412101
Cruel,349193
"Today's Kira-kun",438640
"Fletcher and Jenks",437142
Standedge,435369
Wheeler,430165
Brujerías,417496
"A Single Rider",435603
"Getting Schooled",439032
"The Happiest Day in the Life of Olli Mäki",392807
Tanna,359151
Vamps,430988
"Night Kaleidoscope",444609
"Hitlers Hollywood",439988
"Worlds Apart",350845
"Mamma o papà?",440708
Anubis,57206
"Gemini Ganeshanum Suruli Raajanum",412101
"Today's Kira-kun",438640
"Fletcher and Jenks",437142
Standedge,435369
Fare,443007
"Met Opera Live: Rusalka",444443
Legionario,442479
Ezra,428642
"Bellator 173: McGeary vs. McDermott",445248
"The Night of The Virgin",421663
"South of 8",402434
Muthuramalingam,413019
Aby,440974
Hebbuli,441862
"It Stains the Sands Red",434873
"The Photographer",445585
Swipe,438661
"Tomato Red",441483
"Letters to a Serialkiller",436125
"Happy Hunting",412762
"Traces Of Sin",412692
"Kanavu Variyam",443518
"Clean Hands",348315
"The 86",443959
"Pork Pie",429698
Stranger,442847
"Chang-ok's Letter",443175
"The Other Side of Hope",429199
Muthuramalingam,413019
Aby,440974
Hebbuli,441862
"It Stains the Sands Red",434873
"The Photographer",445585
"Tomato Red",441483
"Letters to a Serialkiller",436125
"Happy Hunting",412762
"Traces Of Sin",412692
"Kanavu Variyam",443518
"Clean Hands",348315
"The 86",443959
Stranger,442847
"Chang-ok's Letter",443175
"The Other Side of Hope",429199
"Larry Gaye: Renegade Male Flight Attendant",339355
Prevenge,395982
"D5R De Film",444374
"Siew Lup",443801
Asteria,441043
"Fabricated City",435366
"Emilija Iš Laisvės Alėjos",444098
Beruseruku,418916
"Original Bliss",402918
"The Ghazi Attack",442405
"Si j'étais un homme",430528
"Offline - Das Leben ist kein Bonuslevel",442133
"Wild Mouse",424634
"Sara and Ayda",440277
"Pagadi Attam",442413
"God Bless the Broken Road",434767
"Love of My Life",443055
Oppam,404665
"Ennodu Vilayadu",410851
"Pathé Live: Le Misanthrope",445574
"Cheesy Beginnings",442988
"Running Shaadi",442247
"Blumhouse Untitled Horror",424989
"TRIO - The Hunt for the Holy Shrine",437606
"Lost In France",438723
Seuls,420950
Sargi,443611
"National Theatre Live: Saint Joan",441752
"I'm Drunk, I Love You",441838
"The King's Choice",396616
"El que busca, encuentra",388096
"New Trial",435821
"Tam Cam: The Untold",411837
"Love Contractually",444191
"Ça sent la coupe",442485
Winner,443653
"The Red Maple Leaf",443205
"Satan Jawa",443774
"Seeking A Man",445254
"One Week Friends",417760
"The 100th Love with You",428125
Irada,441751
"Schatz, nimm du sie!",422735
"Premi O Premi",441945
"The Dissidents",443873
Winner,443653
"The Red Maple Leaf",443205
"Satan Jawa",443774
"Seeking A Man",445254
"One Week Friends",417760
"The 100th Love with You",428125
Irada,441751
"Schatz, nimm du sie!",422735
"Premi O Premi",441945
"The Dissidents",443873
"Addicted to Porn: Chasing the Cardboard Butterfly",436450
"Eight Hours Don't Make a Day",440456
"The Tokyo Night Sky Is Always the Densest Shade of Blue",438339
"Do You Dream in Color?",437547
"The Man Who Was Too Free",437372
"La Limpia, la Chancha y la Santa María",440691
"Gunung Kawi",441144
Chrisye,428517
"Good, Bad, Jaunty",443012
"Meetings with Ivor",446208
"Freak Show",440424
"Paranormal Drive",397552
"Love Story",429382
"Teresa eta Galtzagorri",438591
Ratchasan,412862
"Three Lights",438337
"Idhu Vedhalam Sollum Kadhai",411857
Jazzoo,442728
"Growing Up Smith",426469
"Tasty Working Girl",440939
"Exit: Music",440595
"Thane of East County",435663
"Macadam Stories",336199
Flirty-zel,438607
"Boxing Day: A Day After Christmas",426340
"Zerwany kłos",432791
"Die Tochter",441396
"The Graduation",413767
"The Committee",439359
Waltham,441864
"Thane of East County",435663
"Macadam Stories",336199
"Boxing Day: A Day After Christmas",426340
"Zerwany kłos",432791
"Die Tochter",441396
"The Graduation",413767
"The Committee",439359
Waltham,441864
"The Rabbit Hunt",442445
"Fishing is not done on Tuesday",442451
Tékasztori,440546
"Veeram: Macbeth",413637
"Cook Up a Storm",438857
Redemoinho,417579
"Os Humores Artificiais",442463
"Bugatti Chiron: Super Car Build",441891
"The Headless Appearance",441390
Kometen,442455
AbaJan,440270
"The Bomb",440917
"Bob Esponja: El mundo del guante por siempre",440353
"Bellator 172: Thomson vs. Pitbull",439950
Paula,406302
"Om Namo Venkatesaya",443640
"Kiss And Cry",440596
"Trial by Fire",435005
"Coup de Grâce",443303
"Francis: Pray for Me",349105
"Moonlight Over Baler",440430
"Munthirivallikal Thalirkkumbol",422892
"Ennai Nokki Paayum Thotta",428378
"The Story of High Noon",440266
"Finding Mother",442708
"Labyrinths of Love",438599
Listen,438555
"Armaan: Story of a Storyteller",434126
"Les Cowboys",336811
"French Tour",394262
"Boven Digoel",441072
"La Règle du Jeu",440413
"Nous nous marierons",440217
"Un Paese di Calabria",440418
Seraph,439993
"The Moorside",440427
Mupparimanam,410592
Asphyxia,439997
Homebody,440024
"No. 17 Soheila",439134
"The Grace of Jake",433386
November,437583
Roadblock,439000
Rum,413028
"21 Days Later",440916
Baashha,49074
"I, Olga Hepnarova",382143
"Kills on Wheels",393695
"Was hat uns bloß so ruiniert",403903
Saki,433045
"Fátima o el Parque de la Fraternidad",439221
"The Narcissus Season",438999
